--inserts partidas_genericas
insert into partida_generica (id_partida_generica, id_concepto, descripcion) values (2620, 2600,  'Carbón y sus derivados');
insert into partida_generica (id_partida_generica, id_concepto, descripcion) values (6110, 6100,  'Edificación habitacional');
insert into partida_generica (id_partida_generica, id_concepto, descripcion) values (6140, 6100,  'División de terrenos y construcción de obras de urbanización');

--inserts cucops
insert into cucop (id_cucop, id_partida_generica, id_concepto, id_capitulo, descripcion) values (2620, 2620, 2600, 2000, 'Carbón y sus derivados');
insert into cucop (id_cucop, id_partida_generica, id_concepto, id_capitulo, descripcion) values (6110, 6110, 6100, 6000, 'Edificación habitacional');
insert into cucop (id_cucop, id_partida_generica, id_concepto, id_capitulo, descripcion) values (6140, 6140, 6100, 6000, 'División de terrenos y construcción de obras de urbanización');

--inserts partidas especificas
insert into partida_especifica (id_partida_especifica, id_partida_generica, descripcion) values (26101, 2610, 'Combustibles, lubricantes y aditivos para vehículos terrestres, aéreos, marítimos, lacustres y fluviales destinados a la ejecución de programas de seguridad publica y nacional');
insert into partida_especifica (id_partida_especifica, id_partida_generica, descripcion) values (26106, 2610, 'PIDIREGAS cargos variables');
insert into partida_especifica (id_partida_especifica, id_partida_generica, descripcion) values (26107, 2610, 'Combustibles nacionales para plantas productivas');
insert into partida_especifica (id_partida_especifica, id_partida_generica, descripcion) values (26108, 2610, 'Combustibles de importación para plantas productivas');
insert into partida_especifica (id_partida_especifica, id_partida_generica, descripcion) values (26200, 2620, 'Carbón y sus derivados');
insert into partida_especifica (id_partida_especifica, id_partida_generica, descripcion) values (32101, 3210, 'Arrendamiento de terrenos');
insert into partida_especifica (id_partida_especifica, id_partida_generica, descripcion) values (32201, 3220, 'Arrendamiento de edificios y locales');
insert into partida_especifica (id_partida_especifica, id_partida_generica, descripcion) values (32902, 3290, 'PIDIREGAS cargos fijos');
insert into partida_especifica (id_partida_especifica, id_partida_generica, descripcion) values (33904, 3390, 'Asignaciones derivadas de proyectos de asociación publico privada');
insert into partida_especifica (id_partida_especifica, id_partida_generica, descripcion) values (33905, 3390, 'Servicios integrales en materia de seguridad publica y nacional');
insert into partida_especifica (id_partida_especifica, id_partida_generica, descripcion) values (33906, 3390, 'Asignaciones para cubrir el pago de obligaciones derivadas de títulos de concesión o de asignación');
insert into partida_especifica (id_partida_especifica, id_partida_generica, descripcion) values (34801, 3480, 'Comisiones por ventas');
insert into partida_especifica (id_partida_especifica, id_partida_generica, descripcion) values (37301, 3730, 'Pasajes marítimos, lacustres y fluviales para labores en campo y de supervisión');
insert into partida_especifica (id_partida_especifica, id_partida_generica, descripcion) values (37302, 3730, 'Pasajes marítimos, lacustres y fluviales asociados a los programas de seguridad publica y nacional');
insert into partida_especifica (id_partida_especifica, id_partida_generica, descripcion) values (37303, 3730, 'Pasajes marítimos, lacustres y fluviales asociados a desastres naturales');
insert into partida_especifica (id_partida_especifica, id_partida_generica, descripcion) values (37304, 3730, 'Pasajes marítimos, lacustres y fluviales para servidores públicos de mando en el desempeño de comisiones y funciones oficiales');
insert into partida_especifica (id_partida_especifica, id_partida_generica, descripcion) values (37501, 3750, 'Viáticos nacionales para labores en campo y de supervisión');
insert into partida_especifica (id_partida_especifica, id_partida_generica, descripcion) values (37502, 3750, 'Viáticos nacionales asociados a los programas de seguridad publica y nacional');
insert into partida_especifica (id_partida_especifica, id_partida_generica, descripcion) values (37503, 3750, 'Viáticos nacionales asociados a desastres naturales');
insert into partida_especifica (id_partida_especifica, id_partida_generica, descripcion) values (37504, 3750, 'Viáticos nacionales para servidores públicos en el desempeño de funciones oficiales');
insert into partida_especifica (id_partida_especifica, id_partida_generica, descripcion) values (37601, 3760, 'Viáticos en el extranjero asociados a los programas de seguridad publica y nacional');
insert into partida_especifica (id_partida_especifica, id_partida_generica, descripcion) values (37602, 3760, 'Viáticos en el extranjero para servidores públicos en el desempeño de comisiones y funciones oficiales');
insert into partida_especifica (id_partida_especifica, id_partida_generica, descripcion) values (37801, 3780, 'Servicios integrales nacionales para servidores públicos en el desempeño de comisiones y funciones oficiales');
insert into partida_especifica (id_partida_especifica, id_partida_generica, descripcion) values (37802, 3780, 'Servicios integrales en el extranjero para servidores públicos en el desempeño de comisiones y funciones oficiales');
insert into partida_especifica (id_partida_especifica, id_partida_generica, descripcion) values (37901, 3790, 'Gastos para operativos y trabajos de campo en áreas rurales');
insert into partida_especifica (id_partida_especifica, id_partida_generica, descripcion) values (38101, 3810, 'Gastos de ceremonial del titular del Ejecutivo Federal');
insert into partida_especifica (id_partida_especifica, id_partida_generica, descripcion) values (38102, 3810, 'Gastos de ceremonial de los titulares de las dependencias y entidades');
insert into partida_especifica (id_partida_especifica, id_partida_generica, descripcion) values (38103, 3810, 'Gastos inherentes a la investidura presidencial');
insert into partida_especifica (id_partida_especifica, id_partida_generica, descripcion) values (39201, 3920, 'Impuestos y derechos de exportación');
insert into partida_especifica (id_partida_especifica, id_partida_generica, descripcion) values (39202, 3920, 'Otros impuestos y derechos');
insert into partida_especifica (id_partida_especifica, id_partida_generica, descripcion) values (39301, 3930, 'Impuestos y derechos de importación');
insert into partida_especifica (id_partida_especifica, id_partida_generica, descripcion) values (39401, 3940, 'Erogaciones por resoluciones por autoridad competente');
insert into partida_especifica (id_partida_especifica, id_partida_generica, descripcion) values (39402, 3940, 'Indemnizaciones por expropiación de predios');
insert into partida_especifica (id_partida_especifica, id_partida_generica, descripcion) values (39403, 3940, 'Otras asignaciones derivadas de resoluciones de ley');
insert into partida_especifica (id_partida_especifica, id_partida_generica, descripcion) values (39501, 3950, 'Penas, multas, accesorios y actualizaciones');
insert into partida_especifica (id_partida_especifica, id_partida_generica, descripcion) values (39601, 3960, 'Perdidas del erario federal');
insert into partida_especifica (id_partida_especifica, id_partida_generica, descripcion) values (39701, 3970, 'Erogaciones por concepto de utilidades');
insert into partida_especifica (id_partida_especifica, id_partida_generica, descripcion) values (39801, 3980, 'Impuesto sobre nominas');
insert into partida_especifica (id_partida_especifica, id_partida_generica, descripcion) values (39901, 3990, 'Gastos de las Comisiones Internacionales de Limites y Aguas');
insert into partida_especifica (id_partida_especifica, id_partida_generica, descripcion) values (39902, 3990, 'Gastos de las oficinas del Servicio Exterior Mexicano');
insert into partida_especifica (id_partida_especifica, id_partida_generica, descripcion) values (39903, 3990, 'Asignaciones a los grupos parlamentarios');
insert into partida_especifica (id_partida_especifica, id_partida_generica, descripcion) values (39904, 3990, 'Participaciones en Órganos de Gobierno');
insert into partida_especifica (id_partida_especifica, id_partida_generica, descripcion) values (39905, 3990, 'Actividades de Coordinación con el Presidente Electo');
insert into partida_especifica (id_partida_especifica, id_partida_generica, descripcion) values (39906, 3990, 'Servicios Corporativos prestados por las Entidades Paraestatales a sus Organismos');
insert into partida_especifica (id_partida_especifica, id_partida_generica, descripcion) values (39907, 3990, 'Servicios prestados entre Organismos de una Entidad Paraestatal');
insert into partida_especifica (id_partida_especifica, id_partida_generica, descripcion) values (39908, 3990, 'Erogaciones por cuenta de terceros');
insert into partida_especifica (id_partida_especifica, id_partida_generica, descripcion) values (39909, 3990, 'Erogaciones recuperables');
insert into partida_especifica (id_partida_especifica, id_partida_generica, descripcion) values (39910, 3990, 'Apertura de Fondo Rotatorio');
insert into partida_especifica (id_partida_especifica, id_partida_generica, descripcion) values (51902, 5190, 'Adjudicaciones, expropiaciones e indemnizaciones de bienes muebles');
insert into partida_especifica (id_partida_especifica, id_partida_generica, descripcion) values (54102, 5410, 'Vehículos y equipo terrestres, destinados exclusivamente para desastres naturales');
insert into partida_especifica (id_partida_especifica, id_partida_generica, descripcion) values (54104, 5410, 'Vehículos y equipo terrestres, destinados a servicios administrativos');
insert into partida_especifica (id_partida_especifica, id_partida_generica, descripcion) values (54105, 5410, 'Vehículos y equipo terrestres, destinados a servidores públicos');
insert into partida_especifica (id_partida_especifica, id_partida_generica, descripcion) values (54301, 5430, 'Vehículos y equipo aéreos, para la ejecución de programas de seguridad publica y nacional');
insert into partida_especifica (id_partida_especifica, id_partida_generica, descripcion) values (54302, 5430, 'Vehículos y equipo aéreos, destinados exclusivamente para desastres naturales');
insert into partida_especifica (id_partida_especifica, id_partida_generica, descripcion) values (56901, 5690, 'Bienes muebles por arrendamiento financiero');
insert into partida_especifica (id_partida_especifica, id_partida_generica, descripcion) values (57301, 5730, 'Aves');
insert into partida_especifica (id_partida_especifica, id_partida_generica, descripcion) values (57901, 5790, 'Otros activos biológicos');
insert into partida_especifica (id_partida_especifica, id_partida_generica, descripcion) values (58101, 5810, 'Terrenos');
insert into partida_especifica (id_partida_especifica, id_partida_generica, descripcion) values (58301, 5830, 'Edificios y locales');
insert into partida_especifica (id_partida_especifica, id_partida_generica, descripcion) values (58901, 5890, 'Adjudicaciones, exportaciones e indemnizaciones de inmuebles');
insert into partida_especifica (id_partida_especifica, id_partida_generica, descripcion) values (58902, 5890, 'Bienes inmuebles en la modalidad de proyectos de infraestructura productiva de largo plazo');
insert into partida_especifica (id_partida_especifica, id_partida_generica, descripcion) values (58903, 5890, 'Bienes inmuebles por arrendamiento financiero');
insert into partida_especifica (id_partida_especifica, id_partida_generica, descripcion) values (61100, 6110, 'Edificación habitacional');
insert into partida_especifica (id_partida_especifica, id_partida_generica, descripcion) values (61400, 6140, 'División de terrenos y construcción de obras de urbanización');

--inserts cucops
insert into cucop (id_cucop, id_partida_especifica, id_partida_generica, id_concepto, id_capitulo, descripcion) values (26101, 26101, 2610, 2600, 2000, 'Combustibles, lubricantes y aditivos para vehículos terrestres, aéreos, marítimos, lacustres y fluviales destinados a la ejecución de programas de seguridad publica y nacional');
insert into cucop (id_cucop, id_partida_especifica, id_partida_generica, id_concepto, id_capitulo, descripcion) values (26106, 26106, 2610, 2600, 2000, 'PIDIREGAS cargos variables');
insert into cucop (id_cucop, id_partida_especifica, id_partida_generica, id_concepto, id_capitulo, descripcion) values (26107, 26107, 2610, 2600, 2000, 'Combustibles nacionales para plantas productivas');
insert into cucop (id_cucop, id_partida_especifica, id_partida_generica, id_concepto, id_capitulo, descripcion) values (26108, 26108, 2610, 2600, 2000, 'Combustibles de importación para plantas productivas');
insert into cucop (id_cucop, id_partida_especifica, id_partida_generica, id_concepto, id_capitulo, descripcion) values (26200, 26200, 2620, 2600, 2000, 'Carbón y sus derivados');
insert into cucop (id_cucop, id_partida_especifica, id_partida_generica, id_concepto, id_capitulo, descripcion) values (32101, 32101, 3210, 3200, 3000, 'Arrendamiento de terrenos');
insert into cucop (id_cucop, id_partida_especifica, id_partida_generica, id_concepto, id_capitulo, descripcion) values (32201, 32201, 3220, 3200, 3000, 'Arrendamiento de edificios y locales');
insert into cucop (id_cucop, id_partida_especifica, id_partida_generica, id_concepto, id_capitulo, descripcion) values (32902, 32902, 3290, 3200, 3000, 'PIDIREGAS cargos fijos');
insert into cucop (id_cucop, id_partida_especifica, id_partida_generica, id_concepto, id_capitulo, descripcion) values (33904, 33904, 3390, 3300, 3000, 'Asignaciones derivadas de proyectos de asociación publico privada');
insert into cucop (id_cucop, id_partida_especifica, id_partida_generica, id_concepto, id_capitulo, descripcion) values (33905, 33905, 3390, 3300, 3000, 'Servicios integrales en materia de seguridad publica y nacional');
insert into cucop (id_cucop, id_partida_especifica, id_partida_generica, id_concepto, id_capitulo, descripcion) values (33906, 33906, 3390, 3300, 3000, 'Asignaciones para cubrir el pago de obligaciones derivadas de títulos de concesión o de asignación');
insert into cucop (id_cucop, id_partida_especifica, id_partida_generica, id_concepto, id_capitulo, descripcion) values (34801, 34801, 3480, 3400, 3000, 'Comisiones por ventas');
insert into cucop (id_cucop, id_partida_especifica, id_partida_generica, id_concepto, id_capitulo, descripcion) values (37301, 37301, 3730, 3700, 3000, 'Pasajes marítimos, lacustres y fluviales para labores en campo y de supervisión');
insert into cucop (id_cucop, id_partida_especifica, id_partida_generica, id_concepto, id_capitulo, descripcion) values (37302, 37302, 3730, 3700, 3000, 'Pasajes marítimos, lacustres y fluviales asociados a los programas de seguridad publica y nacional');
insert into cucop (id_cucop, id_partida_especifica, id_partida_generica, id_concepto, id_capitulo, descripcion) values (37303, 37303, 3730, 3700, 3000, 'Pasajes marítimos, lacustres y fluviales asociados a desastres naturales');
insert into cucop (id_cucop, id_partida_especifica, id_partida_generica, id_concepto, id_capitulo, descripcion) values (37304, 37304, 3730, 3700, 3000, 'Pasajes marítimos, lacustres y fluviales para servidores públicos de mando en el desempeño de comisiones y funciones oficiales');
insert into cucop (id_cucop, id_partida_especifica, id_partida_generica, id_concepto, id_capitulo, descripcion) values (37501, 37501, 3750, 3700, 3000, 'Viáticos nacionales para labores en campo y de supervisión');
insert into cucop (id_cucop, id_partida_especifica, id_partida_generica, id_concepto, id_capitulo, descripcion) values (37502, 37502, 3750, 3700, 3000, 'Viáticos nacionales asociados a los programas de seguridad publica y nacional');
insert into cucop (id_cucop, id_partida_especifica, id_partida_generica, id_concepto, id_capitulo, descripcion) values (37503, 37503, 3750, 3700, 3000, 'Viáticos nacionales asociados a desastres naturales');
insert into cucop (id_cucop, id_partida_especifica, id_partida_generica, id_concepto, id_capitulo, descripcion) values (37504, 37504, 3750, 3700, 3000, 'Viáticos nacionales para servidores públicos en el desempeño de funciones oficiales');
insert into cucop (id_cucop, id_partida_especifica, id_partida_generica, id_concepto, id_capitulo, descripcion) values (37601, 37601, 3760, 3700, 3000, 'Viáticos en el extranjero asociados a los programas de seguridad publica y nacional');
insert into cucop (id_cucop, id_partida_especifica, id_partida_generica, id_concepto, id_capitulo, descripcion) values (37602, 37602, 3760, 3700, 3000, 'Viáticos en el extranjero para servidores públicos en el desempeño de comisiones y funciones oficiales');
insert into cucop (id_cucop, id_partida_especifica, id_partida_generica, id_concepto, id_capitulo, descripcion) values (37801, 37801, 3780, 3700, 3000, 'Servicios integrales nacionales para servidores públicos en el desempeño de comisiones y funciones oficiales');
insert into cucop (id_cucop, id_partida_especifica, id_partida_generica, id_concepto, id_capitulo, descripcion) values (37802, 37802, 3780, 3700, 3000, 'Servicios integrales en el extranjero para servidores públicos en el desempeño de comisiones y funciones oficiales');
insert into cucop (id_cucop, id_partida_especifica, id_partida_generica, id_concepto, id_capitulo, descripcion) values (37901, 37901, 3790, 3700, 3000, 'Gastos para operativos y trabajos de campo en áreas rurales');
insert into cucop (id_cucop, id_partida_especifica, id_partida_generica, id_concepto, id_capitulo, descripcion) values (38101, 38101, 3810, 3800, 3000, 'Gastos de ceremonial del titular del Ejecutivo Federal');
insert into cucop (id_cucop, id_partida_especifica, id_partida_generica, id_concepto, id_capitulo, descripcion) values (38102, 38102, 3810, 3800, 3000, 'Gastos de ceremonial de los titulares de las dependencias y entidades');
insert into cucop (id_cucop, id_partida_especifica, id_partida_generica, id_concepto, id_capitulo, descripcion) values (38103, 38103, 3810, 3800, 3000, 'Gastos inherentes a la investidura presidencial');
insert into cucop (id_cucop, id_partida_especifica, id_partida_generica, id_concepto, id_capitulo, descripcion) values (39201, 39201, 3920, 3900, 3000, 'Impuestos y derechos de exportación');
insert into cucop (id_cucop, id_partida_especifica, id_partida_generica, id_concepto, id_capitulo, descripcion) values (39202, 39202, 3920, 3900, 3000, 'Otros impuestos y derechos');
insert into cucop (id_cucop, id_partida_especifica, id_partida_generica, id_concepto, id_capitulo, descripcion) values (39301, 39301, 3930, 3900, 3000, 'Impuestos y derechos de importación');
insert into cucop (id_cucop, id_partida_especifica, id_partida_generica, id_concepto, id_capitulo, descripcion) values (39401, 39401, 3940, 3900, 3000, 'Erogaciones por resoluciones por autoridad competente');
insert into cucop (id_cucop, id_partida_especifica, id_partida_generica, id_concepto, id_capitulo, descripcion) values (39402, 39402, 3940, 3900, 3000, 'Indemnizaciones por expropiación de predios');
insert into cucop (id_cucop, id_partida_especifica, id_partida_generica, id_concepto, id_capitulo, descripcion) values (39403, 39403, 3940, 3900, 3000, 'Otras asignaciones derivadas de resoluciones de ley');
insert into cucop (id_cucop, id_partida_especifica, id_partida_generica, id_concepto, id_capitulo, descripcion) values (39501, 39501, 3950, 3900, 3000, 'Penas, multas, accesorios y actualizaciones');
insert into cucop (id_cucop, id_partida_especifica, id_partida_generica, id_concepto, id_capitulo, descripcion) values (39601, 39601, 3960, 3900, 3000, 'Perdidas del erario federal');
insert into cucop (id_cucop, id_partida_especifica, id_partida_generica, id_concepto, id_capitulo, descripcion) values (39701, 39701, 3970, 3900, 3000, 'Erogaciones por concepto de utilidades');
insert into cucop (id_cucop, id_partida_especifica, id_partida_generica, id_concepto, id_capitulo, descripcion) values (39801, 39801, 3980, 3900, 3000, 'Impuesto sobre nominas');
insert into cucop (id_cucop, id_partida_especifica, id_partida_generica, id_concepto, id_capitulo, descripcion) values (39901, 39901, 3990, 3900, 3000, 'Gastos de las Comisiones Internacionales de Limites y Aguas');
insert into cucop (id_cucop, id_partida_especifica, id_partida_generica, id_concepto, id_capitulo, descripcion) values (39902, 39902, 3990, 3900, 3000, 'Gastos de las oficinas del Servicio Exterior Mexicano');
insert into cucop (id_cucop, id_partida_especifica, id_partida_generica, id_concepto, id_capitulo, descripcion) values (39903, 39903, 3990, 3900, 3000, 'Asignaciones a los grupos parlamentarios');
insert into cucop (id_cucop, id_partida_especifica, id_partida_generica, id_concepto, id_capitulo, descripcion) values (39904, 39904, 3990, 3900, 3000, 'Participaciones en Órganos de Gobierno');
insert into cucop (id_cucop, id_partida_especifica, id_partida_generica, id_concepto, id_capitulo, descripcion) values (39905, 39905, 3990, 3900, 3000, 'Actividades de Coordinación con el Presidente Electo');
insert into cucop (id_cucop, id_partida_especifica, id_partida_generica, id_concepto, id_capitulo, descripcion) values (39906, 39906, 3990, 3900, 3000, 'Servicios Corporativos prestados por las Entidades Paraestatales a sus Organismos');
insert into cucop (id_cucop, id_partida_especifica, id_partida_generica, id_concepto, id_capitulo, descripcion) values (39907, 39907, 3990, 3900, 3000, 'Servicios prestados entre Organismos de una Entidad Paraestatal');
insert into cucop (id_cucop, id_partida_especifica, id_partida_generica, id_concepto, id_capitulo, descripcion) values (39908, 39908, 3990, 3900, 3000, 'Erogaciones por cuenta de terceros');
insert into cucop (id_cucop, id_partida_especifica, id_partida_generica, id_concepto, id_capitulo, descripcion) values (39909, 39909, 3990, 3900, 3000, 'Erogaciones recuperables');
insert into cucop (id_cucop, id_partida_especifica, id_partida_generica, id_concepto, id_capitulo, descripcion) values (39910, 39910, 3990, 3900, 3000, 'Apertura de Fondo Rotatorio');
insert into cucop (id_cucop, id_partida_especifica, id_partida_generica, id_concepto, id_capitulo, descripcion) values (51902, 51902, 5190, 5100, 5000, 'Adjudicaciones, expropiaciones e indemnizaciones de bienes muebles');
insert into cucop (id_cucop, id_partida_especifica, id_partida_generica, id_concepto, id_capitulo, descripcion) values (54102, 54102, 5410, 5400, 5000, 'Vehículos y equipo terrestres, destinados exclusivamente para desastres naturales');
insert into cucop (id_cucop, id_partida_especifica, id_partida_generica, id_concepto, id_capitulo, descripcion) values (54104, 54104, 5410, 5400, 5000, 'Vehículos y equipo terrestres, destinados a servicios administrativos');
insert into cucop (id_cucop, id_partida_especifica, id_partida_generica, id_concepto, id_capitulo, descripcion) values (54105, 54105, 5410, 5400, 5000, 'Vehículos y equipo terrestres, destinados a servidores públicos');
insert into cucop (id_cucop, id_partida_especifica, id_partida_generica, id_concepto, id_capitulo, descripcion) values (54301, 54301, 5430, 5400, 5000, 'Vehículos y equipo aéreos, para la ejecución de programas de seguridad publica y nacional');
insert into cucop (id_cucop, id_partida_especifica, id_partida_generica, id_concepto, id_capitulo, descripcion) values (54302, 54302, 5430, 5400, 5000, 'Vehículos y equipo aéreos, destinados exclusivamente para desastres naturales');
insert into cucop (id_cucop, id_partida_especifica, id_partida_generica, id_concepto, id_capitulo, descripcion) values (56901, 56901, 5690, 5600, 5000, 'Bienes muebles por arrendamiento financiero');
insert into cucop (id_cucop, id_partida_especifica, id_partida_generica, id_concepto, id_capitulo, descripcion) values (57301, 57301, 5730, 5700, 5000, 'Aves');
insert into cucop (id_cucop, id_partida_especifica, id_partida_generica, id_concepto, id_capitulo, descripcion) values (57901, 57901, 5790, 5700, 5000, 'Otros activos biológicos');
insert into cucop (id_cucop, id_partida_especifica, id_partida_generica, id_concepto, id_capitulo, descripcion) values (58101, 58101, 5810, 5800, 5000, 'Terrenos');
insert into cucop (id_cucop, id_partida_especifica, id_partida_generica, id_concepto, id_capitulo, descripcion) values (58301, 58301, 5830, 5800, 5000, 'Edificios y locales');
insert into cucop (id_cucop, id_partida_especifica, id_partida_generica, id_concepto, id_capitulo, descripcion) values (58901, 58901, 5890, 5800, 5000, 'Adjudicaciones, exportaciones e indemnizaciones de inmuebles');
insert into cucop (id_cucop, id_partida_especifica, id_partida_generica, id_concepto, id_capitulo, descripcion) values (58902, 58902, 5890, 5800, 5000, 'Bienes inmuebles en la modalidad de proyectos de infraestructura productiva de largo plazo');
insert into cucop (id_cucop, id_partida_especifica, id_partida_generica, id_concepto, id_capitulo, descripcion) values (58903, 58903, 5890, 5800, 5000, 'Bienes inmuebles por arrendamiento financiero');
insert into cucop (id_cucop, id_partida_especifica, id_partida_generica, id_concepto, id_capitulo, descripcion) values (61100, 61100, 6110, 6100, 6000, 'Edificación habitacional');
insert into cucop (id_cucop, id_partida_especifica, id_partida_generica, id_concepto, id_capitulo, descripcion) values (61400, 61400, 6140, 6100, 6000, 'División de terrenos y construcción de obras de urbanización');


--consecutivos
insert into consecutivo (id_consecutivo, id_partida_especifica, cucop_plus, descripcion) values (25400340, 25401, '25401-0340', 'Papel para electrocardiógrafo termosensible');
insert into consecutivo (id_consecutivo, id_partida_especifica, cucop_plus, descripcion) values (26200001, 26200, '26200-0001', 'Carbón de piedra');
insert into consecutivo (id_consecutivo, id_partida_especifica, cucop_plus, descripcion) values (26200002, 26200, '26200-0002', 'Coque de carbón');
insert into consecutivo (id_consecutivo, id_partida_especifica, cucop_plus, descripcion) values (26200003, 26200, '26200-0003', 'Coque de petróleo');
insert into consecutivo (id_consecutivo, id_partida_especifica, cucop_plus, descripcion) values (52100030, 52101, '52101-0030', 'Quistitomos');
insert into consecutivo (id_consecutivo, id_partida_especifica, cucop_plus, descripcion) values (56200181, 56201, '56201-0181', 'Equipo para aire acondicionado');
insert into consecutivo (id_consecutivo, id_partida_especifica, cucop_plus, descripcion) values (61100101, 61100, '61100-0101', 'Construcción de casa habitación');
insert into consecutivo (id_consecutivo, id_partida_especifica, cucop_plus, descripcion) values (61100102, 61100, '61100-0102', 'Construcción de vivienda multifamiliar');
insert into consecutivo (id_consecutivo, id_partida_especifica, cucop_plus, descripcion) values (61100103, 61100, '61100-0103', 'Construcción de vivienda unifamiliar');
insert into consecutivo (id_consecutivo, id_partida_especifica, cucop_plus, descripcion) values (61100104, 61100, '61100-0104', 'Estudios de preinversion y/o preparación del proyecto para vivienda multifamiliar');
insert into consecutivo (id_consecutivo, id_partida_especifica, cucop_plus, descripcion) values (61100105, 61100, '61100-0105', 'Estudios de preinversion y/o preparación del proyecto para vivienda unifamiliar');
insert into consecutivo (id_consecutivo, id_partida_especifica, cucop_plus, descripcion) values (61100201, 61100, '61100-0201', 'Ampliación de vivienda multifamiliar');
insert into consecutivo (id_consecutivo, id_partida_especifica, cucop_plus, descripcion) values (61100202, 61100, '61100-0202', 'Ampliación de vivienda unifamiliar');
insert into consecutivo (id_consecutivo, id_partida_especifica, cucop_plus, descripcion) values (61100203, 61100, '61100-0203', 'Remodelación de vivienda multifamiliar');
insert into consecutivo (id_consecutivo, id_partida_especifica, cucop_plus, descripcion) values (61100204, 61100, '61100-0204', 'Remodelación de vivienda unifamiliar');
insert into consecutivo (id_consecutivo, id_partida_especifica, cucop_plus, descripcion) values (61100205, 61100, '61100-0205', 'Mantenimiento de vivienda multifamiliar');
insert into consecutivo (id_consecutivo, id_partida_especifica, cucop_plus, descripcion) values (61100206, 61100, '61100-0206', 'Mantenimiento de vivienda unifamiliar');
insert into consecutivo (id_consecutivo, id_partida_especifica, cucop_plus, descripcion) values (61400101, 61400, '61400-0101', 'Demolición de almacén');
insert into consecutivo (id_consecutivo, id_partida_especifica, cucop_plus, descripcion) values (61400102, 61400, '61400-0102', 'Demolición de camino');
insert into consecutivo (id_consecutivo, id_partida_especifica, cucop_plus, descripcion) values (61400103, 61400, '61400-0103', 'Demolición de canal');
insert into consecutivo (id_consecutivo, id_partida_especifica, cucop_plus, descripcion) values (61400104, 61400, '61400-0104', 'Demolición de carretera');
insert into consecutivo (id_consecutivo, id_partida_especifica, cucop_plus, descripcion) values (61400105, 61400, '61400-0105', 'Demolición de casa habitación');
insert into consecutivo (id_consecutivo, id_partida_especifica, cucop_plus, descripcion) values (61400106, 61400, '61400-0106', 'Demolición de clínica o centro de salud');
insert into consecutivo (id_consecutivo, id_partida_especifica, cucop_plus, descripcion) values (61400107, 61400, '61400-0107', 'Demolición de edificio');
insert into consecutivo (id_consecutivo, id_partida_especifica, cucop_plus, descripcion) values (61400108, 61400, '61400-0108', 'Demolición de escollera');
insert into consecutivo (id_consecutivo, id_partida_especifica, cucop_plus, descripcion) values (61400109, 61400, '61400-0109', 'Demolición de escuela');
insert into consecutivo (id_consecutivo, id_partida_especifica, cucop_plus, descripcion) values (61400110, 61400, '61400-0110', 'Demolición de hospital');
insert into consecutivo (id_consecutivo, id_partida_especifica, cucop_plus, descripcion) values (61400111, 61400, '61400-0111', 'Demolición de línea de transmisión');
insert into consecutivo (id_consecutivo, id_partida_especifica, cucop_plus, descripcion) values (61400112, 61400, '61400-0112', 'Demolición de malecón');
insert into consecutivo (id_consecutivo, id_partida_especifica, cucop_plus, descripcion) values (61400113, 61400, '61400-0113', 'Demolición de muelle');
insert into consecutivo (id_consecutivo, id_partida_especifica, cucop_plus, descripcion) values (61400114, 61400, '61400-0114', 'Demolición de obra de agua potable');
insert into consecutivo (id_consecutivo, id_partida_especifica, cucop_plus, descripcion) values (61400115, 61400, '61400-0115', 'Demolición de obra de alumbrado');
insert into consecutivo (id_consecutivo, id_partida_especifica, cucop_plus, descripcion) values (61400116, 61400, '61400-0116', 'Demolición de obra de drenaje');
insert into consecutivo (id_consecutivo, id_partida_especifica, cucop_plus, descripcion) values (61400117, 61400, '61400-0117', 'Demolición de obra de electrificación');
insert into consecutivo (id_consecutivo, id_partida_especifica, cucop_plus, descripcion) values (61400118, 61400, '61400-0118', 'Demolición de obra de irrigación');
insert into consecutivo (id_consecutivo, id_partida_especifica, cucop_plus, descripcion) values (61400119, 61400, '61400-0119', 'Demolición de obra de pavimentación');
insert into consecutivo (id_consecutivo, id_partida_especifica, cucop_plus, descripcion) values (61400120, 61400, '61400-0120', 'Demolición de obra de telefonía');
insert into consecutivo (id_consecutivo, id_partida_especifica, cucop_plus, descripcion) values (61400121, 61400, '61400-0121', 'Demolición de planta de tratamiento de agua potable');
insert into consecutivo (id_consecutivo, id_partida_especifica, cucop_plus, descripcion) values (61400122, 61400, '61400-0122', 'Demolición de planta de tratamiento de aguas residuales');
insert into consecutivo (id_consecutivo, id_partida_especifica, cucop_plus, descripcion) values (61400123, 61400, '61400-0123', 'Demolición de planta de tratamiento de gas');
insert into consecutivo (id_consecutivo, id_partida_especifica, cucop_plus, descripcion) values (61400124, 61400, '61400-0124', 'Demolición de planta geoelectrica');
insert into consecutivo (id_consecutivo, id_partida_especifica, cucop_plus, descripcion) values (61400125, 61400, '61400-0125', 'Demolición de planta hidroeléctrica');
insert into consecutivo (id_consecutivo, id_partida_especifica, cucop_plus, descripcion) values (61400126, 61400, '61400-0126', 'Demolición de planta nucleoeléctrica');
insert into consecutivo (id_consecutivo, id_partida_especifica, cucop_plus, descripcion) values (61400127, 61400, '61400-0127', 'Demolición de planta petroquímica');
insert into consecutivo (id_consecutivo, id_partida_especifica, cucop_plus, descripcion) values (61400128, 61400, '61400-0128', 'Demolición de planta termoeléctrica');
insert into consecutivo (id_consecutivo, id_partida_especifica, cucop_plus, descripcion) values (61400129, 61400, '61400-0129', 'Demolición de presa');
insert into consecutivo (id_consecutivo, id_partida_especifica, cucop_plus, descripcion) values (61400130, 61400, '61400-0130', 'Demolición de puente');
insert into consecutivo (id_consecutivo, id_partida_especifica, cucop_plus, descripcion) values (61400131, 61400, '61400-0131', 'Demolición de red de distribución');
insert into consecutivo (id_consecutivo, id_partida_especifica, cucop_plus, descripcion) values (61400132, 61400, '61400-0132', 'Demolición de refinería');
insert into consecutivo (id_consecutivo, id_partida_especifica, cucop_plus, descripcion) values (61400133, 61400, '61400-0133', 'Demolición de taller');
insert into consecutivo (id_consecutivo, id_partida_especifica, cucop_plus, descripcion) values (61400134, 61400, '61400-0134', 'Demolición de terminal de almacenamiento y distribución');
insert into consecutivo (id_consecutivo, id_partida_especifica, cucop_plus, descripcion) values (61400135, 61400, '61400-0135', 'Obras de andamiaje');
insert into consecutivo (id_consecutivo, id_partida_especifica, cucop_plus, descripcion) values (61400136, 61400, '61400-0136', 'Obras de demolición');
insert into consecutivo (id_consecutivo, id_partida_especifica, cucop_plus, descripcion) values (61400137, 61400, '61400-0137', 'Obras de excavación y remoción de tierra');
insert into consecutivo (id_consecutivo, id_partida_especifica, cucop_plus, descripcion) values (61400138, 61400, '61400-0138', 'Obras de investigación de campo');
insert into consecutivo (id_consecutivo, id_partida_especifica, cucop_plus, descripcion) values (61400139, 61400, '61400-0139', 'Obras de limpieza y preparación de terreno');
insert into consecutivo (id_consecutivo, id_partida_especifica, cucop_plus, descripcion) values (61400140, 61400, '61400-0140', 'Obras de preparación de terreno para minería (excepto extracción de petróleo y gas)');
insert into consecutivo (id_consecutivo, id_partida_especifica, cucop_plus, descripcion) values (61400201, 61400, '61400-0201', 'Construcción de banquetas');
insert into consecutivo (id_consecutivo, id_partida_especifica, cucop_plus, descripcion) values (61400202, 61400, '61400-0202', 'Construcción de guarniciones');
insert into consecutivo (id_consecutivo, id_partida_especifica, cucop_plus, descripcion) values (61400203, 61400, '61400-0203', 'Construcción de red de agua potable');
insert into consecutivo (id_consecutivo, id_partida_especifica, cucop_plus, descripcion) values (61400204, 61400, '61400-0204', 'Construcción de red de alcantarillado');
insert into consecutivo (id_consecutivo, id_partida_especifica, cucop_plus, descripcion) values (61400205, 61400, '61400-0205', 'Construcción de red de energía');
insert into consecutivo (id_consecutivo, id_partida_especifica, cucop_plus, descripcion) values (61400206, 61400, '61400-0206', 'Estudios de preinversion y/o preparación del proyecto para banquetas');
insert into consecutivo (id_consecutivo, id_partida_especifica, cucop_plus, descripcion) values (61400207, 61400, '61400-0207', 'Estudios de preinversion y/o preparación del proyecto para guarniciones');
insert into consecutivo (id_consecutivo, id_partida_especifica, cucop_plus, descripcion) values (61400208, 61400, '61400-0208', 'Estudios de preinversion y/o preparación del proyecto para red de agua potable');
insert into consecutivo (id_consecutivo, id_partida_especifica, cucop_plus, descripcion) values (61400209, 61400, '61400-0209', 'Estudios de preinversion y/o preparación del proyecto para red de alcantarillado');
insert into consecutivo (id_consecutivo, id_partida_especifica, cucop_plus, descripcion) values (61400210, 61400, '61400-0210', 'Estudios de preinversion y/o preparación del proyecto para red de energía');
insert into consecutivo (id_consecutivo, id_partida_especifica, cucop_plus, descripcion) values (61400301, 61400, '61400-0301', 'Conservación y/o mantenimiento de banquetas');
insert into consecutivo (id_consecutivo, id_partida_especifica, cucop_plus, descripcion) values (61400302, 61400, '61400-0302', 'Conservación y/o mantenimiento de guarniciones');
insert into consecutivo (id_consecutivo, id_partida_especifica, cucop_plus, descripcion) values (61400303, 61400, '61400-0303', 'Conservación y/o mantenimiento de red de agua potable');
insert into consecutivo (id_consecutivo, id_partida_especifica, cucop_plus, descripcion) values (61400304, 61400, '61400-0304', 'Conservación y/o mantenimiento de red de alcantarillado');
insert into consecutivo (id_consecutivo, id_partida_especifica, cucop_plus, descripcion) values (61400305, 61400, '61400-0305', 'Conservación y/o mantenimiento de red de energía');
insert into consecutivo (id_consecutivo, id_partida_especifica, cucop_plus, descripcion) values (61400306, 61400, '61400-0306', 'Rehabilitación de banquetas');
insert into consecutivo (id_consecutivo, id_partida_especifica, cucop_plus, descripcion) values (61400307, 61400, '61400-0307', 'Rehabilitación de guarniciones');
insert into consecutivo (id_consecutivo, id_partida_especifica, cucop_plus, descripcion) values (61400308, 61400, '61400-0308', 'Rehabilitación de red de agua potable');
insert into consecutivo (id_consecutivo, id_partida_especifica, cucop_plus, descripcion) values (61400309, 61400, '61400-0309', 'Rehabilitación de red de alcantarillado');
insert into consecutivo (id_consecutivo, id_partida_especifica, cucop_plus, descripcion) values (61400310, 61400, '61400-0310', 'Rehabilitación de red de energía');
insert into consecutivo (id_consecutivo, id_partida_especifica, cucop_plus, descripcion) values (61400311, 61400, '61400-0311', 'Remozamiento de banquetas');
insert into consecutivo (id_consecutivo, id_partida_especifica, cucop_plus, descripcion) values (61400312, 61400, '61400-0312', 'Remozamiento de guarniciones');
insert into consecutivo (id_consecutivo, id_partida_especifica, cucop_plus, descripcion) values (61400313, 61400, '61400-0313', 'Remozamiento de red de agua potable');
insert into consecutivo (id_consecutivo, id_partida_especifica, cucop_plus, descripcion) values (61400314, 61400, '61400-0314', 'Remozamiento de red de alcantarillado');
insert into consecutivo (id_consecutivo, id_partida_especifica, cucop_plus, descripcion) values (61400315, 61400, '61400-0315', 'Remozamiento de red de energía');
insert into consecutivo (id_consecutivo, id_partida_especifica, cucop_plus, descripcion) values (61400316, 61400, '61400-0316', 'Ampliación de banquetas');
insert into consecutivo (id_consecutivo, id_partida_especifica, cucop_plus, descripcion) values (61400317, 61400, '61400-0317', 'Ampliación de guarniciones');
insert into consecutivo (id_consecutivo, id_partida_especifica, cucop_plus, descripcion) values (61400318, 61400, '61400-0318', 'Ampliación de red de agua potable');
insert into consecutivo (id_consecutivo, id_partida_especifica, cucop_plus, descripcion) values (61400319, 61400, '61400-0319', 'Ampliación de red de alcantarillado');
insert into consecutivo (id_consecutivo, id_partida_especifica, cucop_plus, descripcion) values (61400320, 61400, '61400-0320', 'Ampliación de red de energía');
insert into consecutivo (id_consecutivo, id_partida_especifica, cucop_plus, descripcion) values (61400321, 61400, '61400-0321', 'Reparación integral de banquetas');
insert into consecutivo (id_consecutivo, id_partida_especifica, cucop_plus, descripcion) values (61400322, 61400, '61400-0322', 'Reparación integral de guarniciones');
insert into consecutivo (id_consecutivo, id_partida_especifica, cucop_plus, descripcion) values (61400323, 61400, '61400-0323', 'Reparación integral de red de agua potable');
insert into consecutivo (id_consecutivo, id_partida_especifica, cucop_plus, descripcion) values (61400324, 61400, '61400-0324', 'Reparación integral de red de alcantarillado');
insert into consecutivo (id_consecutivo, id_partida_especifica, cucop_plus, descripcion) values (61400325, 61400, '61400-0325', 'Reparación integral de red de energía');

--inserts cucops
Insert into cucop (id_cucop, id_partida_especifica, id_partida_generica, id_concepto, id_capitulo, descripcion) values (25400340, 25401, 2540, 2500, 2000, 'Papel para electrocardiógrafo termosensible');
Insert into cucop (id_cucop, id_partida_especifica, id_partida_generica, id_concepto, id_capitulo, descripcion) values (26200001, 26200, 2620, 2600, 2000, 'Carbón de piedra');
Insert into cucop (id_cucop, id_partida_especifica, id_partida_generica, id_concepto, id_capitulo, descripcion) values (26200002, 26200, 2620, 2600, 2000, 'Coque de carbón');
Insert into cucop (id_cucop, id_partida_especifica, id_partida_generica, id_concepto, id_capitulo, descripcion) values (26200003, 26200, 2620, 2600, 2000, 'Coque de petróleo');
Insert into cucop (id_cucop, id_partida_especifica, id_partida_generica, id_concepto, id_capitulo, descripcion) values (52100030, 52101, 5210, 5200, 5000, 'Quistitomos');
Insert into cucop (id_cucop, id_partida_especifica, id_partida_generica, id_concepto, id_capitulo, descripcion) values (56200181, 56201, 5620, 5600, 5000, 'Equipo para aire acondicionado');
Insert into cucop (id_cucop, id_partida_especifica, id_partida_generica, id_concepto, id_capitulo, descripcion) values (61100101, 61100, 6110, 6100, 6000, 'Construcción de casa habitación');
Insert into cucop (id_cucop, id_partida_especifica, id_partida_generica, id_concepto, id_capitulo, descripcion) values (61100102, 61100, 6110, 6100, 6000, 'Construcción de vivienda multifamiliar');
Insert into cucop (id_cucop, id_partida_especifica, id_partida_generica, id_concepto, id_capitulo, descripcion) values (61100103, 61100, 6110, 6100, 6000, 'Construcción de vivienda unifamiliar');
Insert into cucop (id_cucop, id_partida_especifica, id_partida_generica, id_concepto, id_capitulo, descripcion) values (61100104, 61100, 6110, 6100, 6000, 'Estudios de preinversion y/o preparación del proyecto para vivienda multifamiliar');
Insert into cucop (id_cucop, id_partida_especifica, id_partida_generica, id_concepto, id_capitulo, descripcion) values (61100105, 61100, 6110, 6100, 6000, 'Estudios de preinversion y/o preparación del proyecto para vivienda unifamiliar');
Insert into cucop (id_cucop, id_partida_especifica, id_partida_generica, id_concepto, id_capitulo, descripcion) values (61100201, 61100, 6110, 6100, 6000, 'Ampliación de vivienda multifamiliar');
Insert into cucop (id_cucop, id_partida_especifica, id_partida_generica, id_concepto, id_capitulo, descripcion) values (61100202, 61100, 6110, 6100, 6000, 'Ampliación de vivienda unifamiliar');
Insert into cucop (id_cucop, id_partida_especifica, id_partida_generica, id_concepto, id_capitulo, descripcion) values (61100203, 61100, 6110, 6100, 6000, 'Remodelación de vivienda multifamiliar');
Insert into cucop (id_cucop, id_partida_especifica, id_partida_generica, id_concepto, id_capitulo, descripcion) values (61100204, 61100, 6110, 6100, 6000, 'Remodelación de vivienda unifamiliar');
Insert into cucop (id_cucop, id_partida_especifica, id_partida_generica, id_concepto, id_capitulo, descripcion) values (61100205, 61100, 6110, 6100, 6000, 'Mantenimiento de vivienda multifamiliar');
Insert into cucop (id_cucop, id_partida_especifica, id_partida_generica, id_concepto, id_capitulo, descripcion) values (61100206, 61100, 6110, 6100, 6000, 'Mantenimiento de vivienda unifamiliar');
Insert into cucop (id_cucop, id_partida_especifica, id_partida_generica, id_concepto, id_capitulo, descripcion) values (61400101, 61400, 6140, 6100, 6000, 'Demolición de almacén');
Insert into cucop (id_cucop, id_partida_especifica, id_partida_generica, id_concepto, id_capitulo, descripcion) values (61400102, 61400, 6140, 6100, 6000, 'Demolición de camino');
Insert into cucop (id_cucop, id_partida_especifica, id_partida_generica, id_concepto, id_capitulo, descripcion) values (61400103, 61400, 6140, 6100, 6000, 'Demolición de canal');
Insert into cucop (id_cucop, id_partida_especifica, id_partida_generica, id_concepto, id_capitulo, descripcion) values (61400104, 61400, 6140, 6100, 6000, 'Demolición de carretera');
Insert into cucop (id_cucop, id_partida_especifica, id_partida_generica, id_concepto, id_capitulo, descripcion) values (61400105, 61400, 6140, 6100, 6000, 'Demolición de casa habitación');
Insert into cucop (id_cucop, id_partida_especifica, id_partida_generica, id_concepto, id_capitulo, descripcion) values (61400106, 61400, 6140, 6100, 6000, 'Demolición de clínica o centro de salud');
Insert into cucop (id_cucop, id_partida_especifica, id_partida_generica, id_concepto, id_capitulo, descripcion) values (61400107, 61400, 6140, 6100, 6000, 'Demolición de edificio');
Insert into cucop (id_cucop, id_partida_especifica, id_partida_generica, id_concepto, id_capitulo, descripcion) values (61400108, 61400, 6140, 6100, 6000, 'Demolición de escollera');
Insert into cucop (id_cucop, id_partida_especifica, id_partida_generica, id_concepto, id_capitulo, descripcion) values (61400109, 61400, 6140, 6100, 6000, 'Demolición de escuela');
Insert into cucop (id_cucop, id_partida_especifica, id_partida_generica, id_concepto, id_capitulo, descripcion) values (61400110, 61400, 6140, 6100, 6000, 'Demolición de hospital');
Insert into cucop (id_cucop, id_partida_especifica, id_partida_generica, id_concepto, id_capitulo, descripcion) values (61400111, 61400, 6140, 6100, 6000, 'Demolición de línea de transmisión');
Insert into cucop (id_cucop, id_partida_especifica, id_partida_generica, id_concepto, id_capitulo, descripcion) values (61400112, 61400, 6140, 6100, 6000, 'Demolición de malecón');
Insert into cucop (id_cucop, id_partida_especifica, id_partida_generica, id_concepto, id_capitulo, descripcion) values (61400113, 61400, 6140, 6100, 6000, 'Demolición de muelle');
Insert into cucop (id_cucop, id_partida_especifica, id_partida_generica, id_concepto, id_capitulo, descripcion) values (61400114, 61400, 6140, 6100, 6000, 'Demolición de obra de agua potable');
Insert into cucop (id_cucop, id_partida_especifica, id_partida_generica, id_concepto, id_capitulo, descripcion) values (61400115, 61400, 6140, 6100, 6000, 'Demolición de obra de alumbrado');
Insert into cucop (id_cucop, id_partida_especifica, id_partida_generica, id_concepto, id_capitulo, descripcion) values (61400116, 61400, 6140, 6100, 6000, 'Demolición de obra de drenaje');
Insert into cucop (id_cucop, id_partida_especifica, id_partida_generica, id_concepto, id_capitulo, descripcion) values (61400117, 61400, 6140, 6100, 6000, 'Demolición de obra de electrificación');
Insert into cucop (id_cucop, id_partida_especifica, id_partida_generica, id_concepto, id_capitulo, descripcion) values (61400118, 61400, 6140, 6100, 6000, 'Demolición de obra de irrigación');
Insert into cucop (id_cucop, id_partida_especifica, id_partida_generica, id_concepto, id_capitulo, descripcion) values (61400119, 61400, 6140, 6100, 6000, 'Demolición de obra de pavimentación');
Insert into cucop (id_cucop, id_partida_especifica, id_partida_generica, id_concepto, id_capitulo, descripcion) values (61400120, 61400, 6140, 6100, 6000, 'Demolición de obra de telefonía');
Insert into cucop (id_cucop, id_partida_especifica, id_partida_generica, id_concepto, id_capitulo, descripcion) values (61400121, 61400, 6140, 6100, 6000, 'Demolición de planta de tratamiento de agua potable');
Insert into cucop (id_cucop, id_partida_especifica, id_partida_generica, id_concepto, id_capitulo, descripcion) values (61400122, 61400, 6140, 6100, 6000, 'Demolición de planta de tratamiento de aguas residuales');
Insert into cucop (id_cucop, id_partida_especifica, id_partida_generica, id_concepto, id_capitulo, descripcion) values (61400123, 61400, 6140, 6100, 6000, 'Demolición de planta de tratamiento de gas');
Insert into cucop (id_cucop, id_partida_especifica, id_partida_generica, id_concepto, id_capitulo, descripcion) values (61400124, 61400, 6140, 6100, 6000, 'Demolición de planta geoelectrica');
Insert into cucop (id_cucop, id_partida_especifica, id_partida_generica, id_concepto, id_capitulo, descripcion) values (61400125, 61400, 6140, 6100, 6000, 'Demolición de planta hidroeléctrica');
Insert into cucop (id_cucop, id_partida_especifica, id_partida_generica, id_concepto, id_capitulo, descripcion) values (61400126, 61400, 6140, 6100, 6000, 'Demolición de planta nucleoeléctrica');
Insert into cucop (id_cucop, id_partida_especifica, id_partida_generica, id_concepto, id_capitulo, descripcion) values (61400127, 61400, 6140, 6100, 6000, 'Demolición de planta petroquímica');
Insert into cucop (id_cucop, id_partida_especifica, id_partida_generica, id_concepto, id_capitulo, descripcion) values (61400128, 61400, 6140, 6100, 6000, 'Demolición de planta termoeléctrica');
Insert into cucop (id_cucop, id_partida_especifica, id_partida_generica, id_concepto, id_capitulo, descripcion) values (61400129, 61400, 6140, 6100, 6000, 'Demolición de presa');
Insert into cucop (id_cucop, id_partida_especifica, id_partida_generica, id_concepto, id_capitulo, descripcion) values (61400130, 61400, 6140, 6100, 6000, 'Demolición de puente');
Insert into cucop (id_cucop, id_partida_especifica, id_partida_generica, id_concepto, id_capitulo, descripcion) values (61400131, 61400, 6140, 6100, 6000, 'Demolición de red de distribución');
Insert into cucop (id_cucop, id_partida_especifica, id_partida_generica, id_concepto, id_capitulo, descripcion) values (61400132, 61400, 6140, 6100, 6000, 'Demolición de refinería');
Insert into cucop (id_cucop, id_partida_especifica, id_partida_generica, id_concepto, id_capitulo, descripcion) values (61400133, 61400, 6140, 6100, 6000, 'Demolición de taller');
Insert into cucop (id_cucop, id_partida_especifica, id_partida_generica, id_concepto, id_capitulo, descripcion) values (61400134, 61400, 6140, 6100, 6000, 'Demolición de terminal de almacenamiento y distribución');
Insert into cucop (id_cucop, id_partida_especifica, id_partida_generica, id_concepto, id_capitulo, descripcion) values (61400135, 61400, 6140, 6100, 6000, 'Obras de andamiaje');
Insert into cucop (id_cucop, id_partida_especifica, id_partida_generica, id_concepto, id_capitulo, descripcion) values (61400136, 61400, 6140, 6100, 6000, 'Obras de demolición');
Insert into cucop (id_cucop, id_partida_especifica, id_partida_generica, id_concepto, id_capitulo, descripcion) values (61400137, 61400, 6140, 6100, 6000, 'Obras de excavación y remoción de tierra');
Insert into cucop (id_cucop, id_partida_especifica, id_partida_generica, id_concepto, id_capitulo, descripcion) values (61400138, 61400, 6140, 6100, 6000, 'Obras de investigación de campo');
Insert into cucop (id_cucop, id_partida_especifica, id_partida_generica, id_concepto, id_capitulo, descripcion) values (61400139, 61400, 6140, 6100, 6000, 'Obras de limpieza y preparación de terreno');
Insert into cucop (id_cucop, id_partida_especifica, id_partida_generica, id_concepto, id_capitulo, descripcion) values (61400140, 61400, 6140, 6100, 6000, 'Obras de preparación de terreno para minería (excepto extracción de petróleo y gas)');
Insert into cucop (id_cucop, id_partida_especifica, id_partida_generica, id_concepto, id_capitulo, descripcion) values (61400201, 61400, 6140, 6100, 6000, 'Construcción de banquetas');
Insert into cucop (id_cucop, id_partida_especifica, id_partida_generica, id_concepto, id_capitulo, descripcion) values (61400202, 61400, 6140, 6100, 6000, 'Construcción de guarniciones');
Insert into cucop (id_cucop, id_partida_especifica, id_partida_generica, id_concepto, id_capitulo, descripcion) values (61400203, 61400, 6140, 6100, 6000, 'Construcción de red de agua potable');
Insert into cucop (id_cucop, id_partida_especifica, id_partida_generica, id_concepto, id_capitulo, descripcion) values (61400204, 61400, 6140, 6100, 6000, 'Construcción de red de alcantarillado');
Insert into cucop (id_cucop, id_partida_especifica, id_partida_generica, id_concepto, id_capitulo, descripcion) values (61400205, 61400, 6140, 6100, 6000, 'Construcción de red de energía');
Insert into cucop (id_cucop, id_partida_especifica, id_partida_generica, id_concepto, id_capitulo, descripcion) values (61400206, 61400, 6140, 6100, 6000, 'Estudios de preinversion y/o preparación del proyecto para banquetas');
Insert into cucop (id_cucop, id_partida_especifica, id_partida_generica, id_concepto, id_capitulo, descripcion) values (61400207, 61400, 6140, 6100, 6000, 'Estudios de preinversion y/o preparación del proyecto para guarniciones');
Insert into cucop (id_cucop, id_partida_especifica, id_partida_generica, id_concepto, id_capitulo, descripcion) values (61400208, 61400, 6140, 6100, 6000, 'Estudios de preinversion y/o preparación del proyecto para red de agua potable');
Insert into cucop (id_cucop, id_partida_especifica, id_partida_generica, id_concepto, id_capitulo, descripcion) values (61400209, 61400, 6140, 6100, 6000, 'Estudios de preinversion y/o preparación del proyecto para red de alcantarillado');
Insert into cucop (id_cucop, id_partida_especifica, id_partida_generica, id_concepto, id_capitulo, descripcion) values (61400210, 61400, 6140, 6100, 6000, 'Estudios de preinversion y/o preparación del proyecto para red de energía');
Insert into cucop (id_cucop, id_partida_especifica, id_partida_generica, id_concepto, id_capitulo, descripcion) values (61400301, 61400, 6140, 6100, 6000, 'Conservación y/o mantenimiento de banquetas');
Insert into cucop (id_cucop, id_partida_especifica, id_partida_generica, id_concepto, id_capitulo, descripcion) values (61400302, 61400, 6140, 6100, 6000, 'Conservación y/o mantenimiento de guarniciones');
Insert into cucop (id_cucop, id_partida_especifica, id_partida_generica, id_concepto, id_capitulo, descripcion) values (61400303, 61400, 6140, 6100, 6000, 'Conservación y/o mantenimiento de red de agua potable');
Insert into cucop (id_cucop, id_partida_especifica, id_partida_generica, id_concepto, id_capitulo, descripcion) values (61400304, 61400, 6140, 6100, 6000, 'Conservación y/o mantenimiento de red de alcantarillado');
Insert into cucop (id_cucop, id_partida_especifica, id_partida_generica, id_concepto, id_capitulo, descripcion) values (61400305, 61400, 6140, 6100, 6000, 'Conservación y/o mantenimiento de red de energía');
Insert into cucop (id_cucop, id_partida_especifica, id_partida_generica, id_concepto, id_capitulo, descripcion) values (61400306, 61400, 6140, 6100, 6000, 'Rehabilitación de banquetas');
Insert into cucop (id_cucop, id_partida_especifica, id_partida_generica, id_concepto, id_capitulo, descripcion) values (61400307, 61400, 6140, 6100, 6000, 'Rehabilitación de guarniciones');
Insert into cucop (id_cucop, id_partida_especifica, id_partida_generica, id_concepto, id_capitulo, descripcion) values (61400308, 61400, 6140, 6100, 6000, 'Rehabilitación de red de agua potable');
Insert into cucop (id_cucop, id_partida_especifica, id_partida_generica, id_concepto, id_capitulo, descripcion) values (61400309, 61400, 6140, 6100, 6000, 'Rehabilitación de red de alcantarillado');
Insert into cucop (id_cucop, id_partida_especifica, id_partida_generica, id_concepto, id_capitulo, descripcion) values (61400310, 61400, 6140, 6100, 6000, 'Rehabilitación de red de energía');
Insert into cucop (id_cucop, id_partida_especifica, id_partida_generica, id_concepto, id_capitulo, descripcion) values (61400311, 61400, 6140, 6100, 6000, 'Remozamiento de banquetas');
Insert into cucop (id_cucop, id_partida_especifica, id_partida_generica, id_concepto, id_capitulo, descripcion) values (61400312, 61400, 6140, 6100, 6000, 'Remozamiento de guarniciones');
Insert into cucop (id_cucop, id_partida_especifica, id_partida_generica, id_concepto, id_capitulo, descripcion) values (61400313, 61400, 6140, 6100, 6000, 'Remozamiento de red de agua potable');
Insert into cucop (id_cucop, id_partida_especifica, id_partida_generica, id_concepto, id_capitulo, descripcion) values (61400314, 61400, 6140, 6100, 6000, 'Remozamiento de red de alcantarillado');
Insert into cucop (id_cucop, id_partida_especifica, id_partida_generica, id_concepto, id_capitulo, descripcion) values (61400315, 61400, 6140, 6100, 6000, 'Remozamiento de red de energía');
Insert into cucop (id_cucop, id_partida_especifica, id_partida_generica, id_concepto, id_capitulo, descripcion) values (61400316, 61400, 6140, 6100, 6000, 'Ampliación de banquetas');
Insert into cucop (id_cucop, id_partida_especifica, id_partida_generica, id_concepto, id_capitulo, descripcion) values (61400317, 61400, 6140, 6100, 6000, 'Ampliación de guarniciones');
Insert into cucop (id_cucop, id_partida_especifica, id_partida_generica, id_concepto, id_capitulo, descripcion) values (61400318, 61400, 6140, 6100, 6000, 'Ampliación de red de agua potable');
Insert into cucop (id_cucop, id_partida_especifica, id_partida_generica, id_concepto, id_capitulo, descripcion) values (61400319, 61400, 6140, 6100, 6000, 'Ampliación de red de alcantarillado');
Insert into cucop (id_cucop, id_partida_especifica, id_partida_generica, id_concepto, id_capitulo, descripcion) values (61400320, 61400, 6140, 6100, 6000, 'Ampliación de red de energía');
Insert into cucop (id_cucop, id_partida_especifica, id_partida_generica, id_concepto, id_capitulo, descripcion) values (61400321, 61400, 6140, 6100, 6000, 'Reparación integral de banquetas');
Insert into cucop (id_cucop, id_partida_especifica, id_partida_generica, id_concepto, id_capitulo, descripcion) values (61400322, 61400, 6140, 6100, 6000, 'Reparación integral de guarniciones');
Insert into cucop (id_cucop, id_partida_especifica, id_partida_generica, id_concepto, id_capitulo, descripcion) values (61400323, 61400, 6140, 6100, 6000, 'Reparación integral de red de agua potable');
Insert into cucop (id_cucop, id_partida_especifica, id_partida_generica, id_concepto, id_capitulo, descripcion) values (61400324, 61400, 6140, 6100, 6000, 'Reparación integral de red de alcantarillado');
Insert into cucop (id_cucop, id_partida_especifica, id_partida_generica, id_concepto, id_capitulo, descripcion) values (61400325, 61400, 6140, 6100, 6000, 'Reparación integral de red de energía');
